﻿<?xml version="1.0" encoding="utf-8"?>
<Elements xmlns="http://schemas.microsoft.com/sharepoint/">
  <Receivers ListTemplateId="101">
      <Receiver>
        <Name>MoveTicketArchiveItemUpdated</Name>
        <Type>ItemUpdated</Type>
        <Assembly>MoveTicketArchiveProject, Version=1.0.0.0, Culture=neutral, PublicKeyToken=742d214aeacdb9b6</Assembly>
        <Class>MoveTicketArchiveProject.MoveTicketArchive.MoveTicketArchive</Class>
        <SequenceNumber>10000</SequenceNumber>
      </Receiver>
  </Receivers>
</Elements>
